gene,sample,meanCount,sdCount
J2,seedling,1763.7590837524576,79.70234680306946
J2,bud,1469.40912911849,55.14673829253112
J3,seedling,6720.03201595806,149.34194508428862
J3,bud,7582.12132979305,108.23087326539496
