genotype,Chr1,Chr2,Chr3,Chr4,Chr5,n.lib,n.cos,n.cos/n.lib,cos.width
WT,440,322,372,300,414,240,1848,7.7,6287.6596320346425
mJ3-2,168,116,134,104,166,48,688,14.333333333333334,1300.6627906976728
mJ3-3,192,140,148,122,170,48,772,16.083333333333332,1049.8808290155446
pSPO11_mJ3,451,258,313,251,385,96,1658,17.270833333333332,2304.4987937273936
