genotype,Chr1,Chr2,Chr3,Chr4,Chr5,n.lib,n.cos,n.cos/n.lib,cos.width
WT,440,322,372,300,414,240,1848,7.7,6287.659632034632
j3,252,163,165,145,218,96,943,9.822916666666666,1101.7412513255567
